{
  "Linear Regression": {
    "mse": {
      "mean": 453752837.85344636,
      "std": 0.0,
      "min": 453752837.85344636,
      "max": 453752837.85344636,
      "runs": 20
    },
    "r2": {
      "mean": 0.2313677313118366,
      "std": 2.7755575615628914e-17,
      "min": 0.23136773131183663,
      "max": 0.23136773131183663,
      "runs": 20
    }
  },
  "SVR": {
    "mse": {
      "mean": 359231983.18548554,
      "std": 5.960464477539063e-08,
      "min": 359231983.1854855,
      "max": 359231983.1854855,
      "runs": 20
    },
    "r2": {
      "mean": 0.39148084334320216,
      "std": 5.551115123125783e-17,
      "min": 0.3914808433432022,
      "max": 0.3914808433432022,
      "runs": 20
    }
  },
  "Random Forest": {
    "mse": {
      "mean": 869882270.2728422,
      "std": 8876852.856502764,
      "min": 853676389.1792048,
      "max": 884689170.1285177,
      "runs": 20
    },
    "r2": {
      "mean": -0.4735325646764908,
      "std": 0.015036898903337393,
      "min": -0.49861463596919386,
      "max": -0.4460806963641737,
      "runs": 20
    }
  },
  "CNN": {
    "mse": {
      "mean": 426723232.2382084,
      "std": 10761156.464814395,
      "min": 413144672.5604244,
      "max": 449031525.45497274,
      "runs": 20
    },
    "r2": {
      "mean": 0.2771543916974117,
      "std": 0.018228805237643676,
      "min": 0.23936537398706847,
      "max": 0.30015572251007683,
      "runs": 20
    }
  },
  "Neural-SVR Hybrid": {
    "mse": {
      "mean": 394429012.7210239,
      "std": 829656.8337978856,
      "min": 393111225.5503654,
      "max": 396504615.50606626,
      "runs": 20
    },
    "r2": {
      "mean": 0.33185901752506164,
      "std": 0.001405392894976623,
      "min": 0.32834306094149557,
      "max": 0.3340912762750522,
      "runs": 20
    }
  },
  "CNN-SVR Hybrid": {
    "mse": {
      "mean": 396157548.8156721,
      "std": 65784670.81543727,
      "min": 327074002.05166966,
      "max": 552600763.5659044,
      "runs": 20
    },
    "r2": {
      "mean": 0.3289309727634596,
      "std": 0.11143560228289934,
      "min": 0.06392479970415588,
      "max": 0.4459546888672259,
      "runs": 20
    }
  },
  "Hybrid Model (Linear + SVR)": {
    "mse": {
      "mean": 264662402.31718713,
      "std": 2.9802322387695312e-08,
      "min": 264662402.3171871,
      "max": 264662402.3171871,
      "runs": 20
    },
    "r2": {
      "mean": 0.5516764948691684,
      "std": 0.0,
      "min": 0.5516764948691684,
      "max": 0.5516764948691684,
      "runs": 20
    }
  }
}