{
  "Linear Regression": {
    "mse": {
      "mean": 455280431.76056576,
      "std": 0.0,
      "min": 455280431.76056576,
      "max": 455280431.76056576,
      "runs": 20
    },
    "r2": {
      "mean": 0.23264450605104367,
      "std": 2.7755575615628914e-17,
      "min": 0.2326445060510437,
      "max": 0.2326445060510437,
      "runs": 20
    }
  },
  "SVR": {
    "mse": {
      "mean": 358919888.80923307,
      "std": 5.960464477539063e-08,
      "min": 358919888.8092331,
      "max": 358919888.8092331,
      "runs": 20
    },
    "r2": {
      "mean": 0.395056037220247,
      "std": 5.551115123125783e-17,
      "min": 0.39505603722024707,
      "max": 0.39505603722024707,
      "runs": 20
    }
  },
  "Random Forest": {
    "mse": {
      "mean": 876801351.5390017,
      "std": 8924513.256008374,
      "min": 860507388.5113305,
      "max": 891687210.1579643,
      "runs": 20
    },
    "r2": {
      "mean": -0.4778107892832993,
      "std": 0.015041881442907827,
      "min": -0.5029002607311206,
      "max": -0.4503480187022433,
      "runs": 20
    }
  },
  "CNN": {
    "mse": {
      "mean": 430266619.13785934,
      "std": 15503647.18008588,
      "min": 414725096.9549942,
      "max": 485096383.8289574,
      "runs": 20
    },
    "r2": {
      "mean": 0.2748042063184561,
      "std": 0.026130727371436284,
      "min": 0.1823910072601459,
      "max": 0.3009987703704051,
      "runs": 20
    }
  },
  "Neural-SVR Hybrid": {
    "mse": {
      "mean": 386688356.3925936,
      "std": 737057.8798422868,
      "min": 385743443.7640214,
      "max": 388731226.5257129,
      "runs": 20
    },
    "r2": {
      "mean": 0.3482534850520455,
      "std": 0.0012422792063964477,
      "min": 0.3448103157200991,
      "max": 0.3498460944555132,
      "runs": 20
    }
  },
  "CNN-SVR Hybrid": {
    "mse": {
      "mean": 401771630.78415346,
      "std": 64735736.90443467,
      "min": 321029177.42677116,
      "max": 554666971.9754064,
      "runs": 20
    },
    "r2": {
      "mean": 0.32283127785033133,
      "std": 0.10910928716254743,
      "min": 0.06513278725495697,
      "max": 0.458919193904867,
      "runs": 20
    }
  },
  "Hybrid Model (Linear + SVR)": {
    "mse": {
      "mean": 264727063.240156,
      "std": 2.9802322387695312e-08,
      "min": 264727063.24015597,
      "max": 264727063.24015597,
      "runs": 20
    },
    "r2": {
      "mean": 0.5538139744140406,
      "std": 1.1102230246251565e-16,
      "min": 0.5538139744140405,
      "max": 0.5538139744140405,
      "runs": 20
    }
  }
}