{
  "Linear Regression": {
    "mse": {
      "mean": 457270881.7841815,
      "std": 0.0,
      "min": 457270881.7841815,
      "max": 457270881.7841815,
      "runs": 20
    },
    "r2": {
      "mean": 0.23105610099095708,
      "std": 0.0,
      "min": 0.23105610099095708,
      "max": 0.23105610099095708,
      "runs": 20
    }
  },
  "SVR": {
    "mse": {
      "mean": 378015775.9500092,
      "std": 5.960464477539063e-08,
      "min": 378015775.95000917,
      "max": 378015775.95000917,
      "runs": 20
    },
    "r2": {
      "mean": 0.3643309989217333,
      "std": 5.551115123125783e-17,
      "min": 0.36433099892173326,
      "max": 0.36433099892173326,
      "runs": 20
    }
  },
  "Random Forest": {
    "mse": {
      "mean": 870822370.3821955,
      "std": 8751670.769200742,
      "min": 854845621.0695063,
      "max": 885465221.4067154,
      "runs": 20
    },
    "r2": {
      "mean": -0.464369535653093,
      "std": 0.014716755674131969,
      "min": -0.48899286376764617,
      "max": -0.43750313239108185,
      "runs": 20
    }
  },
  "CNN": {
    "mse": {
      "mean": 438400442.739446,
      "std": 18971883.22313074,
      "min": 412434513.64394057,
      "max": 475329373.09478253,
      "runs": 20
    },
    "r2": {
      "mean": 0.26278851508750956,
      "std": 0.03190300200226539,
      "min": 0.20068905320428365,
      "max": 0.3064526615605707,
      "runs": 20
    }
  },
  "Neural-SVR Hybrid": {
    "mse": {
      "mean": 389955408.1545668,
      "std": 823430.1737032675,
      "min": 388686888.80636036,
      "max": 391626320.62520283,
      "runs": 20
    },
    "r2": {
      "mean": 0.34425338692884966,
      "std": 0.0013846751095511953,
      "min": 0.3414435908074336,
      "max": 0.34638652125345915,
      "runs": 20
    }
  },
  "CNN-SVR Hybrid": {
    "mse": {
      "mean": 369641747.9689284,
      "std": 44274052.458789274,
      "min": 323092523.9810678,
      "max": 524715951.86382824,
      "runs": 20
    },
    "r2": {
      "mean": 0.3784127128088251,
      "std": 0.07445097398233247,
      "min": 0.11764088646072413,
      "max": 0.4566896012243101,
      "runs": 20
    }
  },
  "Hybrid Model (Linear + SVR)": {
    "mse": {
      "mean": 267488226.15638703,
      "std": 2.9802322387695312e-08,
      "min": 267488226.156387,
      "max": 267488226.156387,
      "runs": 20
    },
    "r2": {
      "mean": 0.5501934460441296,
      "std": 0.0,
      "min": 0.5501934460441296,
      "max": 0.5501934460441296,
      "runs": 20
    }
  }
}