{
  "Linear Regression": {
    "mse": {
      "mean": 1669020787.3293214,
      "std": 2.384185791015625e-07,
      "min": 1669020787.3293211,
      "max": 1669020787.3293211,
      "runs": 20
    },
    "r2": {
      "mean": -24.335997402560327,
      "std": 3.552713678800501e-15,
      "min": -24.335997402560324,
      "max": -24.335997402560324,
      "runs": 20
    }
  },
  "SVR": {
    "mse": {
      "mean": 214133855.70031655,
      "std": 2.9802322387695312e-08,
      "min": 214133855.70031658,
      "max": 214133855.70031658,
      "runs": 20
    },
    "r2": {
      "mean": -2.2505855247643245,
      "std": 0.0,
      "min": -2.2505855247643245,
      "max": -2.2505855247643245,
      "runs": 20
    }
  },
  "Random Forest": {
    "mse": {
      "mean": 91423084.89119682,
      "std": 2298857.5881992844,
      "min": 86280163.4819497,
      "max": 95305193.66080938,
      "runs": 20
    },
    "r2": {
      "mean": -0.38781677191919656,
      "std": 0.03489701885419407,
      "min": -0.446747792101843,
      "max": -0.3097464180593399,
      "runs": 20
    }
  },
  "CNN": {
    "mse": {
      "mean": 879250750.5062611,
      "std": 130135582.19522636,
      "min": 612012409.0059497,
      "max": 1063565731.4766445,
      "runs": 20
    },
    "r2": {
      "mean": -12.34716433740279,
      "std": 1.9754785545570102,
      "min": -15.1450946655151,
      "max": -8.29044438668809,
      "runs": 20
    }
  },
  "Neural-SVR Hybrid": {
    "mse": {
      "mean": 340234130.8207598,
      "std": 794779.1496057495,
      "min": 339361192.5968839,
      "max": 343440155.7395841,
      "runs": 20
    },
    "r2": {
      "mean": -4.164807484831079,
      "std": 0.012064872183073243,
      "min": -4.213475446088682,
      "max": -4.151556145638292,
      "runs": 20
    }
  },
  "CNN-SVR Hybrid": {
    "mse": {
      "mean": 265936037.86614203,
      "std": 325902806.9069478,
      "min": 54480826.61032222,
      "max": 1148462774.744385,
      "runs": 20
    },
    "r2": {
      "mean": -3.036950777230976,
      "std": 4.947255739393204,
      "min": -16.43384510172648,
      "max": 0.17297250461620195,
      "runs": 20
    }
  },
  "Hybrid Model (Linear + SVR)": {
    "mse": {
      "mean": 240314572.35891145,
      "std": 0.0,
      "min": 240314572.35891145,
      "max": 240314572.35891145,
      "runs": 20
    },
    "r2": {
      "mean": -2.6480129111066644,
      "std": 8.881784197001252e-16,
      "min": -2.6480129111066653,
      "max": -2.6480129111066653,
      "runs": 20
    }
  }
}