{
  "Linear Regression": {
    "mse": {
      "mean": 1688502826.4622269,
      "std": 0.0,
      "min": 1688502826.4622269,
      "max": 1688502826.4622269,
      "runs": 20
    },
    "r2": {
      "mean": -3.9888617271604994,
      "std": 4.440892098500626e-16,
      "min": -3.9888617271605,
      "max": -3.9888617271605,
      "runs": 20
    }
  },
  "SVR": {
    "mse": {
      "mean": 1338581134.8922668,
      "std": 2.384185791015625e-07,
      "min": 1338581134.892267,
      "max": 1338581134.892267,
      "runs": 20
    },
    "r2": {
      "mean": -2.9549807604141956,
      "std": 0.0,
      "min": -2.9549807604141956,
      "max": -2.9549807604141956,
      "runs": 20
    }
  },
  "Random Forest": {
    "mse": {
      "mean": 832323463.3458116,
      "std": 7247459.040328129,
      "min": 818704756.694404,
      "max": 845602685.9322675,
      "runs": 20
    },
    "r2": {
      "mean": -1.4591884631923568,
      "std": 0.021413390880258103,
      "min": -1.4984233429270977,
      "max": -1.4189505415721806,
      "runs": 20
    }
  },
  "CNN": {
    "mse": {
      "mean": 923948552.8347168,
      "std": 47894320.57426076,
      "min": 833221759.628261,
      "max": 1022783651.282898,
      "runs": 20
    },
    "r2": {
      "mean": -1.7299045644834556,
      "std": 0.14150887941473655,
      "min": -2.021923406395238,
      "max": -1.46184257538745,
      "runs": 20
    }
  },
  "Neural-SVR Hybrid": {
    "mse": {
      "mean": 307525829.62796795,
      "std": 461615.43854647945,
      "min": 306212113.85295993,
      "max": 308234429.2342702,
      "runs": 20
    },
    "r2": {
      "mean": 0.09138213007393424,
      "std": 0.0013638920574720664,
      "min": 0.08928849694501084,
      "max": 0.09526364347597982,
      "runs": 20
    }
  },
  "CNN-SVR Hybrid": {
    "mse": {
      "mean": 173393717.39672878,
      "std": 25489437.99996052,
      "min": 163515386.7923134,
      "max": 280450479.31988126,
      "runs": 20
    },
    "r2": {
      "mean": 0.487689764628312,
      "std": 0.07531126373727648,
      "min": 0.1713791409077795,
      "max": 0.5168763462012085,
      "runs": 20
    }
  },
  "Hybrid Model (Linear + SVR)": {
    "mse": {
      "mean": 178807048.65281522,
      "std": 2.9802322387695312e-08,
      "min": 178807048.6528152,
      "max": 178807048.6528152,
      "runs": 20
    },
    "r2": {
      "mean": 0.47169549994797666,
      "std": 0.0,
      "min": 0.47169549994797666,
      "max": 0.47169549994797666,
      "runs": 20
    }
  }
}