{
  "Linear Regression": {
    "mse": {
      "mean": 1669020787.3293214,
      "std": 2.384185791015625e-07,
      "min": 1669020787.3293211,
      "max": 1669020787.3293211,
      "runs": 20
    },
    "r2": {
      "mean": -24.335997402560327,
      "std": 3.552713678800501e-15,
      "min": -24.335997402560324,
      "max": -24.335997402560324,
      "runs": 20
    }
  },
  "SVR": {
    "mse": {
      "mean": 214133855.70031655,
      "std": 2.9802322387695312e-08,
      "min": 214133855.70031658,
      "max": 214133855.70031658,
      "runs": 20
    },
    "r2": {
      "mean": -2.2505855247643245,
      "std": 0.0,
      "min": -2.2505855247643245,
      "max": -2.2505855247643245,
      "runs": 20
    }
  },
  "Random Forest": {
    "mse": {
      "mean": 91423084.89119682,
      "std": 2298857.5881992844,
      "min": 86280163.4819497,
      "max": 95305193.66080938,
      "runs": 20
    },
    "r2": {
      "mean": -0.38781677191919656,
      "std": 0.03489701885419407,
      "min": -0.446747792101843,
      "max": -0.3097464180593399,
      "runs": 20
    }
  },
  "CNN": {
    "mse": {
      "mean": 813167366.645534,
      "std": 141162782.27677035,
      "min": 655205544.6989965,
      "max": 1148589280.3801029,
      "runs": 20
    },
    "r2": {
      "mean": -11.344008202644948,
      "std": 2.142873181840574,
      "min": -16.435765477124015,
      "max": -8.94612296303379,
      "runs": 20
    }
  },
  "Neural-SVR Hybrid": {
    "mse": {
      "mean": 340116660.317278,
      "std": 400648.28660821007,
      "min": 339283017.89269704,
      "max": 341037764.99109036,
      "runs": 20
    },
    "r2": {
      "mean": -4.163024264158402,
      "std": 0.006081903847997347,
      "min": -4.17700677761801,
      "max": -4.150369441363988,
      "runs": 20
    }
  },
  "CNN-SVR Hybrid": {
    "mse": {
      "mean": 200581830.41229624,
      "std": 255582044.27319828,
      "min": 53650701.552610435,
      "max": 884398148.6465651,
      "runs": 20
    },
    "r2": {
      "mean": -2.044863654729302,
      "std": 3.879775530063016,
      "min": -12.425302648742441,
      "max": 0.18557393322970683,
      "runs": 20
    }
  }
}