{
  "Linear Regression": {
    "mse": {
      "mean": 1688502826.4622269,
      "std": 0.0,
      "min": 1688502826.4622269,
      "max": 1688502826.4622269,
      "runs": 20
    },
    "r2": {
      "mean": -3.9888617271604994,
      "std": 4.440892098500626e-16,
      "min": -3.9888617271605,
      "max": -3.9888617271605,
      "runs": 20
    }
  },
  "SVR": {
    "mse": {
      "mean": 1338581134.8922668,
      "std": 2.384185791015625e-07,
      "min": 1338581134.892267,
      "max": 1338581134.892267,
      "runs": 20
    },
    "r2": {
      "mean": -2.9549807604141956,
      "std": 0.0,
      "min": -2.9549807604141956,
      "max": -2.9549807604141956,
      "runs": 20
    }
  },
  "Random Forest": {
    "mse": {
      "mean": 832323463.3458116,
      "std": 7247459.040328129,
      "min": 818704756.694404,
      "max": 845602685.9322675,
      "runs": 20
    },
    "r2": {
      "mean": -1.4591884631923568,
      "std": 0.021413390880258103,
      "min": -1.4984233429270977,
      "max": -1.4189505415721806,
      "runs": 20
    }
  },
  "CNN": {
    "mse": {
      "mean": 964880495.4974239,
      "std": 94228773.19752882,
      "min": 852191796.8786272,
      "max": 1281256157.0829556,
      "runs": 20
    },
    "r2": {
      "mean": -1.8508423556248288,
      "std": 0.2784089625644195,
      "min": -2.785607998153323,
      "max": -1.5178915741323613,
      "runs": 20
    }
  },
  "Neural-SVR Hybrid": {
    "mse": {
      "mean": 307597926.1411037,
      "std": 441644.1617084555,
      "min": 306931973.9485814,
      "max": 308603287.7433651,
      "runs": 20
    },
    "r2": {
      "mean": 0.09116911323475121,
      "std": 0.0013048847895549857,
      "min": 0.08819866513074237,
      "max": 0.09313674003011418,
      "runs": 20
    }
  },
  "CNN-SVR Hybrid": {
    "mse": {
      "mean": 165381265.04407758,
      "std": 1489543.6149278416,
      "min": 163572172.31331757,
      "max": 168934678.85234377,
      "runs": 20
    },
    "r2": {
      "mean": 0.511363409857909,
      "std": 0.0044010155120791684,
      "min": 0.5008644696897332,
      "max": 0.5167085673216267,
      "runs": 20
    }
  }
}