{
  "Linear Regression": {
    "mse": {
      "mean": 453752837.85344636,
      "std": 0.0,
      "min": 453752837.85344636,
      "max": 453752837.85344636,
      "runs": 20
    },
    "r2": {
      "mean": 0.2313677313118366,
      "std": 2.7755575615628914e-17,
      "min": 0.23136773131183663,
      "max": 0.23136773131183663,
      "runs": 20
    }
  },
  "SVR": {
    "mse": {
      "mean": 359231983.18548554,
      "std": 5.960464477539063e-08,
      "min": 359231983.1854855,
      "max": 359231983.1854855,
      "runs": 20
    },
    "r2": {
      "mean": 0.39148084334320216,
      "std": 5.551115123125783e-17,
      "min": 0.3914808433432022,
      "max": 0.3914808433432022,
      "runs": 20
    }
  },
  "Random Forest": {
    "mse": {
      "mean": 869882270.2728422,
      "std": 8876852.856502764,
      "min": 853676389.1792048,
      "max": 884689170.1285177,
      "runs": 20
    },
    "r2": {
      "mean": -0.4735325646764908,
      "std": 0.015036898903337393,
      "min": -0.49861463596919386,
      "max": -0.4460806963641737,
      "runs": 20
    }
  },
  "CNN": {
    "mse": {
      "mean": 436155155.7405157,
      "std": 33832500.54967919,
      "min": 412884903.29753864,
      "max": 559443039.7717034,
      "runs": 20
    },
    "r2": {
      "mean": 0.2611772337495572,
      "std": 0.05731038901247047,
      "min": 0.05233436137668712,
      "max": 0.30059575730702026,
      "runs": 20
    }
  },
  "Neural-SVR Hybrid": {
    "mse": {
      "mean": 394233130.4390135,
      "std": 764133.9913769503,
      "min": 392261324.69524413,
      "max": 395733119.4815526,
      "runs": 20
    },
    "r2": {
      "mean": 0.33219083130176374,
      "std": 0.0012944008155459917,
      "min": 0.32964993263492914,
      "max": 0.3355309614250608,
      "runs": 20
    }
  },
  "CNN-SVR Hybrid": {
    "mse": {
      "mean": 378804388.80662334,
      "std": 58246400.10027052,
      "min": 317651025.0759692,
      "max": 515748101.79891986,
      "runs": 20
    },
    "r2": {
      "mean": 0.35832626825023256,
      "std": 0.09866618766238834,
      "min": 0.12635117516255834,
      "max": 0.4619166918926886,
      "runs": 20
    }
  }
}