{
  "Linear Regression": {
    "mse": {
      "mean": 457270881.7841815,
      "std": 0.0,
      "min": 457270881.7841815,
      "max": 457270881.7841815,
      "runs": 20
    },
    "r2": {
      "mean": 0.23105610099095708,
      "std": 0.0,
      "min": 0.23105610099095708,
      "max": 0.23105610099095708,
      "runs": 20
    }
  },
  "SVR": {
    "mse": {
      "mean": 378015775.9500092,
      "std": 5.960464477539063e-08,
      "min": 378015775.95000917,
      "max": 378015775.95000917,
      "runs": 20
    },
    "r2": {
      "mean": 0.3643309989217333,
      "std": 5.551115123125783e-17,
      "min": 0.36433099892173326,
      "max": 0.36433099892173326,
      "runs": 20
    }
  },
  "Random Forest": {
    "mse": {
      "mean": 870822370.3821955,
      "std": 8751670.769200742,
      "min": 854845621.0695063,
      "max": 885465221.4067154,
      "runs": 20
    },
    "r2": {
      "mean": -0.464369535653093,
      "std": 0.014716755674131969,
      "min": -0.48899286376764617,
      "max": -0.43750313239108185,
      "runs": 20
    }
  },
  "CNN": {
    "mse": {
      "mean": 437311847.7418705,
      "std": 19128861.395924736,
      "min": 416312628.58650833,
      "max": 486035927.38560295,
      "runs": 20
    },
    "r2": {
      "mean": 0.2646190897320428,
      "std": 0.032166975530989884,
      "min": 0.1826849774380488,
      "max": 0.2999312473539457,
      "runs": 20
    }
  },
  "Neural-SVR Hybrid": {
    "mse": {
      "mean": 389497154.97791874,
      "std": 847794.8246499,
      "min": 387148359.188721,
      "max": 390539380.24730283,
      "runs": 20
    },
    "r2": {
      "mean": 0.345023982648853,
      "std": 0.0014256465565495292,
      "min": 0.3432713830537094,
      "max": 0.3489737031844681,
      "runs": 20
    }
  },
  "CNN-SVR Hybrid": {
    "mse": {
      "mean": 377575824.88734865,
      "std": 32238705.622612767,
      "min": 331395082.8664232,
      "max": 464654520.4564361,
      "runs": 20
    },
    "r2": {
      "mean": 0.3650708179195566,
      "std": 0.054212408854313734,
      "min": 0.21863981966693202,
      "max": 0.44272806932849496,
      "runs": 20
    }
  }
}