{
  "Linear Regression": {
    "mse": {
      "mean": 455280431.7605657,
      "std": 5.960464477539063e-08,
      "min": 455280431.76056576,
      "max": 455280431.76056576,
      "runs": 19
    },
    "r2": {
      "mean": 0.2326445060510437,
      "std": 0.0,
      "min": 0.2326445060510437,
      "max": 0.2326445060510437,
      "runs": 19
    }
  },
  "SVR": {
    "mse": {
      "mean": 358919888.80923307,
      "std": 5.960464477539063e-08,
      "min": 358919888.8092331,
      "max": 358919888.8092331,
      "runs": 19
    },
    "r2": {
      "mean": 0.395056037220247,
      "std": 5.551115123125783e-17,
      "min": 0.39505603722024707,
      "max": 0.39505603722024707,
      "runs": 19
    }
  },
  "Random Forest": {
    "mse": {
      "mean": 877074180.8873745,
      "std": 9074699.104382703,
      "min": 860507388.5113305,
      "max": 891687210.1579643,
      "runs": 19
    },
    "r2": {
      "mean": -0.478270631360357,
      "std": 0.015295013200444102,
      "min": -0.5029002607311206,
      "max": -0.4503480187022433,
      "runs": 19
    }
  },
  "CNN": {
    "mse": {
      "mean": 429352308.70236063,
      "std": 17046897.651018087,
      "min": 415001925.89735687,
      "max": 489052446.07772577,
      "runs": 19
    },
    "r2": {
      "mean": 0.2763452370478941,
      "std": 0.02873180935255671,
      "min": 0.17572323529099398,
      "max": 0.30053218715051,
      "runs": 19
    }
  },
  "Neural-SVR Hybrid": {
    "mse": {
      "mean": 386849672.31937104,
      "std": 769395.6273168671,
      "min": 385487989.82250756,
      "max": 388392108.71671724,
      "runs": 19
    },
    "r2": {
      "mean": 0.34798159402831885,
      "std": 0.0012967830823715023,
      "min": 0.3453818841330495,
      "max": 0.3502766510351436,
      "runs": 19
    }
  },
  "CNN-SVR Hybrid": {
    "mse": {
      "mean": 403693705.2861184,
      "std": 49883062.58167004,
      "min": 324059980.98988056,
      "max": 539680165.4968032,
      "runs": 19
    },
    "r2": {
      "mean": 0.3195917043348202,
      "std": 0.08407574641199325,
      "min": 0.0903924019579978,
      "max": 0.4538109054676974,
      "runs": 19
    }
  }
}