{
  "Linear Regression": {
    "mse": {
      "mean": 1688502826.4622269,
      "std": 0.0,
      "min": 1688502826.4622269,
      "max": 1688502826.4622269,
      "runs": 20
    },
    "r2": {
      "mean": -3.9888617271604994,
      "std": 4.440892098500626e-16,
      "min": -3.9888617271605,
      "max": -3.9888617271605,
      "runs": 20
    }
  },
  "SVR": {
    "mse": {
      "mean": 1338581134.8922668,
      "std": 2.384185791015625e-07,
      "min": 1338581134.892267,
      "max": 1338581134.892267,
      "runs": 20
    },
    "r2": {
      "mean": -2.9549807604141956,
      "std": 0.0,
      "min": -2.9549807604141956,
      "max": -2.9549807604141956,
      "runs": 20
    }
  },
  "Random Forest": {
    "mse": {
      "mean": 832323463.3458116,
      "std": 7247459.040328129,
      "min": 818704756.694404,
      "max": 845602685.9322675,
      "runs": 20
    },
    "r2": {
      "mean": -1.4591884631923568,
      "std": 0.021413390880258103,
      "min": -1.4984233429270977,
      "max": -1.4189505415721806,
      "runs": 20
    }
  },
  "CNN": {
    "mse": {
      "mean": 968006895.9164194,
      "std": 64645576.50856256,
      "min": 861620068.5784825,
      "max": 1114690632.26096,
      "runs": 20
    },
    "r2": {
      "mean": -1.8600796391814012,
      "std": 0.19100225206582347,
      "min": -2.2934723861627173,
      "max": -1.5457484086602786,
      "runs": 20
    }
  },
  "Neural-SVR Hybrid": {
    "mse": {
      "mean": 307656945.6147774,
      "std": 403265.77091061196,
      "min": 306835071.14730173,
      "max": 308201889.9055031,
      "runs": 20
    },
    "r2": {
      "mean": 0.09099473390369348,
      "std": 0.0011914917398066066,
      "min": 0.08938463786308914,
      "max": 0.0934230496939078,
      "runs": 20
    }
  },
  "CNN-SVR Hybrid": {
    "mse": {
      "mean": 168683754.60462645,
      "std": 9482765.888341788,
      "min": 163499255.34422302,
      "max": 198661027.30222604,
      "runs": 20
    },
    "r2": {
      "mean": 0.5016058521477514,
      "std": 0.02801784342114027,
      "min": 0.4130348020423441,
      "max": 0.5169240082854647,
      "runs": 20
    }
  },
  "Hybrid Model (Linear + SVR)": {
    "mse": {
      "mean": 178807048.65281522,
      "std": 2.9802322387695312e-08,
      "min": 178807048.6528152,
      "max": 178807048.6528152,
      "runs": 20
    },
    "r2": {
      "mean": 0.47169549994797666,
      "std": 0.0,
      "min": 0.47169549994797666,
      "max": 0.47169549994797666,
      "runs": 20
    }
  }
}