{
  "Linear Regression": {
    "mse": {
      "mean": 453752837.85344636,
      "std": 0.0,
      "min": 453752837.85344636,
      "max": 453752837.85344636,
      "runs": 19
    },
    "r2": {
      "mean": 0.2313677313118366,
      "std": 2.7755575615628914e-17,
      "min": 0.23136773131183663,
      "max": 0.23136773131183663,
      "runs": 19
    }
  },
  "SVR": {
    "mse": {
      "mean": 359231983.18548554,
      "std": 5.960464477539063e-08,
      "min": 359231983.1854855,
      "max": 359231983.1854855,
      "runs": 19
    },
    "r2": {
      "mean": 0.39148084334320216,
      "std": 5.551115123125783e-17,
      "min": 0.3914808433432022,
      "max": 0.3914808433432022,
      "runs": 19
    }
  },
  "Random Forest": {
    "mse": {
      "mean": 870356180.992435,
      "std": 8857425.110175401,
      "min": 853676389.1792048,
      "max": 884689170.1285177,
      "runs": 19
    },
    "r2": {
      "mean": -0.4743353432845089,
      "std": 0.015003989373105599,
      "min": -0.49861463596919386,
      "max": -0.4460806963641737,
      "runs": 19
    }
  },
  "CNN": {
    "mse": {
      "mean": 427635280.90797997,
      "std": 12544794.64450612,
      "min": 413256138.99429554,
      "max": 456022100.1781152,
      "runs": 19
    },
    "r2": {
      "mean": 0.27560943157877776,
      "std": 0.021250189890709065,
      "min": 0.22752372615451322,
      "max": 0.29996690452195307,
      "runs": 19
    }
  },
  "Neural-SVR Hybrid": {
    "mse": {
      "mean": 394526353.3473067,
      "std": 1046067.8392238029,
      "min": 392625305.4201706,
      "max": 396120878.7813546,
      "runs": 19
    },
    "r2": {
      "mean": 0.3316941278755131,
      "std": 0.0017719811963446354,
      "min": 0.32899308977809616,
      "max": 0.33491439816193613,
      "runs": 19
    }
  },
  "CNN-SVR Hybrid": {
    "mse": {
      "mean": 387095257.8572064,
      "std": 61446678.062514044,
      "min": 321591839.1086497,
      "max": 528747684.7432998,
      "runs": 19
    },
    "r2": {
      "mean": 0.3442819935788213,
      "std": 0.1040872819351837,
      "min": 0.10433059898763675,
      "max": 0.45524117038025746,
      "runs": 19
    }
  },
  "Hybrid Model (Linear + SVR)": {
    "mse": {
      "mean": 264662402.3171871,
      "std": 0.0,
      "min": 264662402.3171871,
      "max": 264662402.3171871,
      "runs": 19
    },
    "r2": {
      "mean": 0.5516764948691684,
      "std": 0.0,
      "min": 0.5516764948691684,
      "max": 0.5516764948691684,
      "runs": 19
    }
  }
}