{
  "Linear Regression": {
    "mse": {
      "mean": 457270881.7841815,
      "std": 0.0,
      "min": 457270881.7841815,
      "max": 457270881.7841815,
      "runs": 19
    },
    "r2": {
      "mean": 0.2310561009909571,
      "std": 2.7755575615628914e-17,
      "min": 0.23105610099095708,
      "max": 0.23105610099095708,
      "runs": 19
    }
  },
  "SVR": {
    "mse": {
      "mean": 378015775.95000917,
      "std": 0.0,
      "min": 378015775.95000917,
      "max": 378015775.95000917,
      "runs": 19
    },
    "r2": {
      "mean": 0.3643309989217333,
      "std": 5.551115123125783e-17,
      "min": 0.36433099892173326,
      "max": 0.36433099892173326,
      "runs": 19
    }
  },
  "Random Forest": {
    "mse": {
      "mean": 870773817.826192,
      "std": 8976398.972585829,
      "min": 854845621.0695063,
      "max": 885465221.4067154,
      "runs": 19
    },
    "r2": {
      "mean": -0.4642878899738964,
      "std": 0.01509465723710484,
      "min": -0.48899286376764617,
      "max": -0.43750313239108185,
      "runs": 19
    }
  },
  "CNN": {
    "mse": {
      "mean": 434291871.9863024,
      "std": 12648883.162641346,
      "min": 417499092.2047262,
      "max": 458032883.98896396,
      "runs": 19
    },
    "r2": {
      "mean": 0.26969746236608977,
      "std": 0.021270284036545743,
      "min": 0.22977472277567967,
      "max": 0.29793609743959926,
      "runs": 19
    }
  },
  "Neural-SVR Hybrid": {
    "mse": {
      "mean": 389446985.53559834,
      "std": 839271.9762211515,
      "min": 386598214.8372894,
      "max": 390738064.39407724,
      "runs": 19
    },
    "r2": {
      "mean": 0.34510834727412376,
      "std": 0.0014113145871140493,
      "min": 0.342937277015958,
      "max": 0.34989882253813653,
      "runs": 19
    }
  },
  "CNN-SVR Hybrid": {
    "mse": {
      "mean": 377870538.0851667,
      "std": 35892989.66342629,
      "min": 334908526.1234649,
      "max": 464920953.7575181,
      "runs": 19
    },
    "r2": {
      "mean": 0.3645752300209013,
      "std": 0.06035743039486283,
      "min": 0.2181917870684852,
      "max": 0.4368198847826622,
      "runs": 19
    }
  },
  "Hybrid Model (Linear + SVR)": {
    "mse": {
      "mean": 267488226.15638703,
      "std": 2.9802322387695312e-08,
      "min": 267488226.156387,
      "max": 267488226.156387,
      "runs": 19
    },
    "r2": {
      "mean": 0.5501934460441296,
      "std": 0.0,
      "min": 0.5501934460441296,
      "max": 0.5501934460441296,
      "runs": 19
    }
  }
}