{
  "Linear Regression": {
    "mse": {
      "mean": 1669020787.3293214,
      "std": 2.384185791015625e-07,
      "min": 1669020787.3293211,
      "max": 1669020787.3293211,
      "runs": 18
    },
    "r2": {
      "mean": -24.335997402560324,
      "std": 0.0,
      "min": -24.335997402560324,
      "max": -24.335997402560324,
      "runs": 18
    }
  },
  "SVR": {
    "mse": {
      "mean": 214133855.70031655,
      "std": 2.9802322387695312e-08,
      "min": 214133855.70031658,
      "max": 214133855.70031658,
      "runs": 18
    },
    "r2": {
      "mean": -2.2505855247643245,
      "std": 0.0,
      "min": -2.2505855247643245,
      "max": -2.2505855247643245,
      "runs": 18
    }
  },
  "Random Forest": {
    "mse": {
      "mean": 91438197.78136936,
      "std": 2310391.9612662015,
      "min": 86280163.4819497,
      "max": 95305193.66080938,
      "runs": 18
    },
    "r2": {
      "mean": -0.388046187963061,
      "std": 0.035072112446965426,
      "min": -0.446747792101843,
      "max": -0.3097464180593399,
      "runs": 18
    }
  },
  "CNN": {
    "mse": {
      "mean": 872844190.9871644,
      "std": 121898250.44892143,
      "min": 715324596.6519841,
      "max": 1172947359.2594988,
      "runs": 18
    },
    "r2": {
      "mean": -12.249911758784577,
      "std": 1.8504345663018598,
      "min": -16.805524936026405,
      "max": -9.858739603694442,
      "runs": 18
    }
  },
  "Neural-SVR Hybrid": {
    "mse": {
      "mean": 340065959.8022427,
      "std": 415535.71872000507,
      "min": 338879269.42153007,
      "max": 340928012.209701,
      "runs": 18
    },
    "r2": {
      "mean": -4.1622546223858174,
      "std": 0.006307897403127919,
      "min": -4.175340713177522,
      "max": -4.144240476228004,
      "runs": 18
    }
  },
  "CNN-SVR Hybrid": {
    "mse": {
      "mean": 283449868.79066604,
      "std": 328648822.55745864,
      "min": 53332762.27597819,
      "max": 1117698463.3612483,
      "runs": 18
    },
    "r2": {
      "mean": -3.3028134783916108,
      "std": 4.988940687787442,
      "min": -15.966838028350281,
      "max": 0.1904003013301402,
      "runs": 18
    }
  },
  "Hybrid Model (Linear + SVR)": {
    "mse": {
      "mean": 240314572.35891145,
      "std": 0.0,
      "min": 240314572.35891145,
      "max": 240314572.35891145,
      "runs": 18
    },
    "r2": {
      "mean": -2.648012911106665,
      "std": 4.440892098500626e-16,
      "min": -2.6480129111066653,
      "max": -2.6480129111066653,
      "runs": 18
    }
  }
}