{
  "Linear Regression": {
    "mse": {
      "mean": 455280431.76056576,
      "std": 0.0,
      "min": 455280431.76056576,
      "max": 455280431.76056576,
      "runs": 18
    },
    "r2": {
      "mean": 0.2326445060510437,
      "std": 0.0,
      "min": 0.2326445060510437,
      "max": 0.2326445060510437,
      "runs": 18
    }
  },
  "SVR": {
    "mse": {
      "mean": 358919888.80923307,
      "std": 5.960464477539063e-08,
      "min": 358919888.8092331,
      "max": 358919888.8092331,
      "runs": 18
    },
    "r2": {
      "mean": 0.395056037220247,
      "std": 5.551115123125783e-17,
      "min": 0.39505603722024707,
      "max": 0.39505603722024707,
      "runs": 18
    }
  },
  "Random Forest": {
    "mse": {
      "mean": 875246828.3277566,
      "std": 8015119.450573006,
      "min": 860507388.5113305,
      "max": 887783303.0578278,
      "runs": 18
    },
    "r2": {
      "mean": -0.47519070758550463,
      "std": 0.013509137480982042,
      "min": -0.49632039401123595,
      "max": -0.4503480187022433,
      "runs": 18
    }
  },
  "CNN": {
    "mse": {
      "mean": 427898296.2249991,
      "std": 11201902.23480435,
      "min": 414465576.10373783,
      "max": 456323172.28528965,
      "runs": 18
    },
    "r2": {
      "mean": 0.2787959122470436,
      "std": 0.018880322155108136,
      "min": 0.2308870119559958,
      "max": 0.30143618155066554,
      "runs": 18
    }
  },
  "Neural-SVR Hybrid": {
    "mse": {
      "mean": 386829866.7743841,
      "std": 829536.5525184268,
      "min": 385616671.4100594,
      "max": 388580610.48230356,
      "runs": 18
    },
    "r2": {
      "mean": 0.34801497541854837,
      "std": 0.0013981480129619465,
      "min": 0.3450641725527771,
      "max": 0.35005976377997194,
      "runs": 18
    }
  },
  "CNN-SVR Hybrid": {
    "mse": {
      "mean": 383429530.5856321,
      "std": 62897038.533940606,
      "min": 323444740.3018368,
      "max": 585732431.3112034,
      "runs": 18
    },
    "r2": {
      "mean": 0.35374609512782795,
      "std": 0.10601024051374344,
      "min": 0.012773297959119412,
      "max": 0.45484786706133695,
      "runs": 18
    }
  },
  "Hybrid Model (Linear + SVR)": {
    "mse": {
      "mean": 264727063.24015597,
      "std": 0.0,
      "min": 264727063.24015597,
      "max": 264727063.24015597,
      "runs": 18
    },
    "r2": {
      "mean": 0.5538139744140405,
      "std": 0.0,
      "min": 0.5538139744140405,
      "max": 0.5538139744140405,
      "runs": 18
    }
  }
}